,odometer_value,year_produced,engine_fuel,engine_capacity,price_usd
15077,215000,2009,gasoline,1.4,7100.0
15078,500000,1993,gasoline,1.8,650.0
15082,316000,1996,diesel,1.9,2350.0
15083,285000,1999,diesel,1.9,4650.0
15084,375000,1994,diesel,1.9,2990.0
15085,288000,2005,gasoline,2.0,5750.0
15092,265000,2007,diesel,2.0,8500.0
15096,337500,1997,gas,1.8,3350.0
15097,260000,2007,diesel,1.9,6650.0
15100,320000,1997,gasoline,1.6,3500.0
15101,311555,1999,gasoline,1.8,4000.0
15104,230000,2006,diesel,1.9,7300.0
15109,171000,2011,diesel,1.6,10800.0
15112,300000,2001,gasoline,1.8,4300.0
15116,320,1998,diesel,1.9,3650.0
15118,390000,2005,diesel,2.0,7400.0
15119,360000,1993,gasoline,1.8,1600.0
15124,255451,1994,diesel,1.9,2500.0
15125,242000,2005,gasoline,2.0,5450.0
15127,330000,1997,gasoline,1.8,2250.0
15128,350000,2000,gasoline,1.8,3700.0
15129,158000,2006,gasoline,2.0,5500.0
15130,196005,2008,diesel,1.9,7150.0
15132,313374,1988,gasoline,1.8,1100.0
15134,250000,1991,gasoline,1.8,1250.0
15142,180000,2008,gasoline,1.8,8200.0
15144,434000,1994,diesel,1.9,2250.0
15145,250000,2010,gas,1.4,7400.0
15154,400000,2005,diesel,2.0,6000.0
15159,270000,1992,gasoline,2.0,1100.0
15161,331000,1999,gasoline,1.8,3750.0
15165,333000,2003,diesel,1.9,5350.0
15173,538558,1987,gasoline,1.8,750.0
15178,300000,1989,diesel,1.6,1600.0
15182,637300,1996,gasoline,1.8,2750.0
15184,175000,2010,gasoline,2.0,7550.0
15186,133000,2016,diesel,1.6,14999.0
15188,262000,2006,diesel,2.0,5500.0
15189,350000,1994,diesel,1.9,2100.0
15194,186000,2016,diesel,2.0,14700.0
15196,115000,2009,gas,1.4,7500.0
15198,222000,2007,diesel,2.0,5800.0
15204,415,1993,gasoline,2.0,1275.0
15206,230000,2005,gasoline,1.8,5150.0
15208,284000,2008,diesel,1.9,7300.0
15209,309011,1997,gasoline,1.8,2600.0
15213,289000,1999,gasoline,2.3,2950.0
15214,250000,1991,gasoline,1.8,1800.0
15217,288000,2008,diesel,1.9,6700.0
15220,270000,1988,gasoline,1.8,1450.0
15221,142000,2015,diesel,1.6,14450.0
15222,421000,1992,diesel,1.6,800.0
15225,100000,2011,gasoline,1.8,10100.0
15226,304000,2002,diesel,2.5,4140.0
15227,90000,2010,diesel,1.6,10300.0
15228,416000,2002,diesel,1.9,4700.0
15229,390000,1991,diesel,1.9,1650.0
15230,320000,2000,diesel,1.9,3700.0
15232,151000,2012,gasoline,1.8,9000.0
15233,167000,2007,gasoline,2.0,5000.0
15235,356000,1988,gasoline,1.6,800.0
15236,40000,1998,diesel,1.9,3700.0
15237,121084,2011,gasoline,1.4,9450.0
15243,325375,2006,gasoline,2.0,5300.0
15248,134520,2012,gasoline,1.8,10700.0
15249,320585,2006,diesel,2.0,6500.0
15250,143882,2013,gasoline,1.4,10650.0
15253,253000,2007,diesel,2.0,7250.0
15254,59543,2017,gasoline,1.8,24500.0
15257,340000,1991,gasoline,2.0,2400.0
15266,355982,2006,diesel,1.9,5300.0
15268,235165,2009,gasoline,1.4,6400.0
15278,323000,2000,diesel,1.9,3850.0
15290,350000,1992,gasoline,1.8,1422.74
15298,300000,1985,gasoline,2.2,450.0
15300,260000,2001,diesel,1.9,4650.0
15302,322000,2003,diesel,1.9,4750.0
15304,352680,1985,diesel,1.6,555.8
15305,267000,2007,diesel,2.0,8500.0
15310,375000,1994,gasoline,1.8,2650.0
15311,330000,2007,diesel,2.0,7000.0
15312,281300,2006,diesel,2.0,7000.0
15313,300123,1992,gasoline,1.8,1400.0
15319,253000,2007,gasoline,2.0,6500.0
15320,444000,1994,gasoline,2.0,2350.0
15321,270000,2013,diesel,2.0,12000.0
15322,500000,1989,gasoline,1.8,1000.0
15325,298048,1989,gasoline,1.6,1500.0
15326,182000,2008,gasoline,1.8,6500.0
15332,333333,2000,diesel,1.9,4450.0
15333,258000,2006,diesel,2.0,6600.0
15344,242600,2009,gasoline,1.4,7900.0
15346,533700,1996,diesel,1.9,3150.0
15354,360000,1998,gasoline,1.8,2950.0
15358,450000,1994,diesel,1.9,2200.0
15362,263000,2006,diesel,2.0,6450.0
15369,276000,2005,diesel,2.0,6950.0
15370,356000,2001,diesel,1.9,4990.0
15373,165000,2005,diesel,2.0,5499.0
15375,458000,2001,diesel,2.5,4500.0
15376,350000,1989,gasoline,1.8,680.0
15385,147000,2002,gasoline,1.8,5390.0
15387,151000,2012,gasoline,1.8,10850.0
15388,350000,1992,gasoline,1.8,750.0
15390,298489,1995,gasoline,1.8,2550.0
15392,200000,2016,diesel,1.6,14999.0
15393,204000,2015,diesel,1.6,16800.0
15394,178000,2015,diesel,1.6,16250.0
15395,103000,2012,gasoline,1.4,8750.0
15397,233696,2007,diesel,1.9,6850.0
15399,113000,2017,gasoline,1.4,18250.0
15401,330000,2011,diesel,1.6,9650.0
15403,265000,2007,diesel,2.0,7400.0
15405,360800,2007,diesel,2.0,6700.0
15408,373000,1989,gasoline,1.6,1590.0
15414,380000,1996,diesel,1.9,2600.0
15427,284000,2001,diesel,1.9,5150.0
15429,336000,2002,diesel,1.9,5350.0
15430,366000,2008,diesel,1.9,6950.0
15432,130000,2011,gasoline,1.8,9900.0
15437,333940,1999,diesel,2.5,4200.0
15439,111045,2015,gasoline,1.8,12900.0
15442,399000,2005,diesel,2.0,5390.0
15443,499000,1988,gasoline,1.8,1350.0
15445,92000,2016,gasoline,1.8,16300.0
15450,345,1991,gasoline,1.8,1380.0
15452,127500,2009,gasoline,1.4,8061.74
15453,340000,1990,gasoline,1.6,1500.0
15455,330000,1998,diesel,1.9,2750.0
15458,415000,1990,gasoline,1.6,1300.0
15460,400000,1997,diesel,1.9,3650.0
15461,337300,2002,diesel,2.5,5900.0
15463,141000,2012,gasoline,1.8,10750.0
15464,236000,2009,gasoline,1.8,7450.0
15466,216000,2008,gasoline,1.8,7499.0
15470,460000,1988,gasoline,1.8,950.0
15475,243000,2006,diesel,2.0,7500.0
15478,166564,2014,diesel,1.6,13900.0
15479,219000,2009,diesel,2.0,7390.0
15480,280000,2002,gasoline,1.6,5000.0
15482,340000,2007,diesel,2.0,6800.0
15483,336070,1995,diesel,1.9,2890.0
15485,83000,2010,diesel,2.0,12000.0
15486,160000,2001,gasoline,1.8,4742.47
15487,280000,1996,gasoline,1.8,3100.0
15491,429000,2006,diesel,2.0,7200.0
15492,200000,1989,gasoline,1.8,1600.0
15497,306500,2008,diesel,2.0,7300.0
15498,315000,2005,diesel,1.9,6149.0
15510,300000,1987,diesel,1.6,298.77
15515,370000,1991,gasoline,1.8,800.0
15517,650000,1988,gasoline,1.8,800.0
15520,458000,1997,diesel,1.9,4400.0
15525,318000,2003,gasoline,1.8,5000.0
15526,97000,2014,gasoline,1.8,14900.0
15532,350000,1988,diesel,1.9,1150.0
15533,350000,1993,gasoline,1.8,1800.0
15534,279200,2006,diesel,2.0,5500.0
15536,325000,1989,gasoline,1.8,1450.0
15538,225000,2014,gas,1.4,15400.0
15542,220000,1991,diesel,1.9,1100.0
15544,222222,1990,gasoline,1.8,950.0
15549,250000,1989,gasoline,1.8,1100.0
15554,230000,2007,diesel,2.0,7500.0
15557,412000,1991,gas,2.8,1800.0
15561,202000,2009,gasoline,1.4,8300.0
15562,327000,2000,gasoline,1.6,4300.0
15564,400000,1993,diesel,1.9,1800.0
15575,352000,1998,diesel,1.9,3850.0
15577,345675,1993,gasoline,2.0,1999.0
15586,311213,1994,gas,1.8,2850.0
15596,356000,1992,diesel,1.9,1399.0
15603,240000,2007,diesel,2.0,7300.0
15604,303000,2004,diesel,1.9,5350.0
15610,250000,1997,gasoline,1.8,3000.0
15612,186720,1996,diesel,1.9,3000.0
15614,172000,2009,gasoline,1.4,7200.0
15615,139000,2012,gasoline,1.8,11800.0
15617,615000,1997,diesel,1.9,3800.0
15626,174000,2009,gasoline,1.8,6500.0
15630,470000,1989,diesel,1.9,1350.0
15634,356789,1991,gasoline,1.8,850.0
15637,85000,2011,gasoline,1.8,10150.0
15640,371000,2005,diesel,2.0,6450.0
15641,260000,1997,gasoline,1.6,3000.0
15642,380000,1991,diesel,1.9,2039.27
15646,450000,1989,diesel,1.6,1500.0
15655,500000,1993,diesel,1.9,600.0
15656,321456,1997,gasoline,1.6,2250.0
15659,410,2001,diesel,1.9,4200.0
15664,236052,2010,diesel,1.6,9000.0
15666,322156,2005,diesel,1.9,5850.0
15669,235700,2007,diesel,1.9,7500.0
15673,302000,2008,diesel,2.0,7200.0
15677,250000,2006,diesel,1.9,7500.0
15679,350000,1999,gasoline,1.8,3850.0
15685,345000,1989,gasoline,1.8,600.0
15688,178000,2011,gasoline,1.4,9484.96
15694,350000,1988,gasoline,1.8,800.0
15695,400000,2005,diesel,2.0,6300.0
15696,282000,2001,gasoline,2.0,4200.0
15698,320000,1989,gasoline,1.8,1300.0
15707,253000,2008,diesel,2.0,7000.0
15708,325652,1994,gasoline,2.0,1750.0
15710,280000,2006,diesel,2.0,6500.0
15712,195582,2011,gasoline,1.8,9900.0
15716,268,1996,gas,1.8,1500.0
15717,628000,1989,gas,1.8,1500.0
15720,318000,1998,gasoline,1.8,4100.0
15725,292000,2003,gasoline,1.8,4950.0
15729,255000,1988,gasoline,1.8,750.0
15730,187000,2010,diesel,1.6,8750.0
15732,457000,1993,gasoline,1.8,1550.0
15734,420000,1993,diesel,1.9,1500.0
15741,146600,2011,gasoline,1.8,8500.0
15748,1000,1988,gasoline,1.8,1635.0
15753,400,1997,gasoline,1.6,3800.0
15755,321213,1988,gasoline,1.8,1300.0
15760,219000,2007,gasoline,2.0,8000.0
15762,440000,1989,gasoline,1.8,750.0
15764,555555,1997,diesel,1.9,3000.0
15766,268000,2006,diesel,1.9,6900.0
15768,260000,2011,diesel,2.0,10900.0
15771,278000,2006,diesel,2.0,7200.0
15773,400000,1991,diesel,1.6,1150.0
15774,350000,1991,gasoline,2.0,1250.0
15780,217000,2007,diesel,1.9,6500.0
15784,190000,2006,diesel,2.0,4500.0
15788,111110,1999,diesel,2.5,4000.0
15791,300000,2003,diesel,1.9,4700.0
15793,177000,2016,diesel,2.0,16100.0
15796,450000,2000,gasoline,1.8,2720.0
15800,110000,2010,gasoline,1.6,9000.0
15806,200000,2010,diesel,2.0,8750.0
15810,250000,1995,gasoline,1.8,1550.0
15815,170000,2011,gasoline,1.8,10000.0
15816,298000,1993,gasoline,1.8,1720.0
15817,300000,1988,diesel,1.6,900.0
15819,356664,1990,gasoline,1.8,1400.0
15821,188000,2010,diesel,1.6,9000.0
15824,204126,2011,diesel,2.0,11381.96
15826,480000,1997,gasoline,1.6,3800.0
15828,250000,2000,gasoline,1.8,2950.0
15829,300000,1998,diesel,1.9,3950.0
15830,270000,2006,diesel,2.0,5900.0
15831,326000,1994,gasoline,1.8,1450.0
15835,245000,1993,gasoline,1.8,1850.0
15839,330000,1999,diesel,2.5,4000.0
15850,189000,2010,gasoline,1.4,7400.0
15852,172200,2012,gasoline,2.5,12000.0
15861,268000,2001,diesel,1.9,4200.0
15862,330000,1994,gasoline,1.8,1400.0
15866,231000,2007,diesel,2.0,5950.0
15867,240000,2006,gasoline,2.0,7499.0
15869,388000,1995,diesel,1.9,2300.0
15871,360000,1989,gasoline,1.6,300.0
15874,233274,2004,diesel,2.0,5150.0
15875,175000,2016,diesel,1.6,13750.0
15881,290000,2000,gasoline,2.0,4250.0
15882,450000,1993,diesel,1.6,1600.0
15883,300000,1991,gasoline,1.8,950.0
15886,290,2004,diesel,1.9,3600.0
15887,324000,2004,diesel,1.9,4800.0
15889,352517,2005,diesel,2.0,4884.76
15902,275000,2010,gasoline,1.4,6533.0
15906,180000,2008,gasoline,1.8,7600.0
15907,315272,1988,gasoline,1.8,350.0
15912,610,1992,diesel,1.6,1350.0
15913,420000,1991,gas,1.8,1000.0
15925,111111,1991,gasoline,1.8,1500.0
15926,376000,1989,gas,1.8,1000.0
15928,400000,1990,diesel,1.6,850.0
15929,550000,1984,gasoline,1.6,300.0
15939,131000,2010,gasoline,2.0,7500.0
15941,221000,1999,gasoline,1.6,4300.0
15947,290000,1992,gasoline,1.8,999.0
15950,214000,2008,diesel,2.0,7100.0
15951,212100,2008,diesel,2.0,7100.0
15955,356000,2003,diesel,1.9,4900.0
15961,500000,1996,gas,2.0,1800.0
15962,380000,2001,diesel,1.9,4900.0
15963,220000,2010,gasoline,1.4,10000.0
15966,211000,2007,diesel,2.0,7000.0
15970,322000,1988,gasoline,1.6,1200.0
15971,172714,2016,diesel,1.6,16550.0
15972,385000,1991,gasoline,1.8,1350.0
15975,299000,2008,diesel,2.0,6800.0
15982,555555,1994,diesel,1.9,2350.0
15984,385430,1998,gasoline,1.8,3800.0
15985,340000,2003,diesel,2.5,5200.0
15989,218000,2007,gasoline,2.0,6000.0
15995,190000,2008,diesel,2.0,7600.0
16000,1,1996,diesel,1.9,2800.0
16001,179800,2015,diesel,2.0,15600.0
16002,230000,2008,gasoline,2.0,6970.0
16003,375000,2006,diesel,2.0,6900.0
16005,235000,2004,diesel,1.9,5300.0
16006,308000,2002,diesel,1.9,5300.0
16010,430000,1997,diesel,1.9,2600.0
16012,200000,1998,gasoline,1.8,2900.0
16014,390000,1992,gasoline,1.8,2400.0
16017,300000,1989,gasoline,1.8,1500.0
16018,500000,1984,diesel,1.6,600.0
16022,298700,2002,gasoline,2.0,4100.0
16023,230000,2007,gasoline,3.2,7500.0
16024,340000,1998,diesel,1.9,4000.0
16025,324000,2004,diesel,1.9,4800.0
16031,390000,1992,gasoline,1.8,1350.0
16036,240000,2006,gasoline,2.0,7555.0
16038,240000,1996,gasoline,2.0,2000.0
16043,198000,2011,diesel,1.6,9900.0
16054,156000,2011,diesel,2.0,11950.0
16055,287000,2002,gasoline,1.8,3900.0
16066,215000,2006,gasoline,2.0,6780.0
16067,142000,2016,diesel,1.6,14150.0
16069,295000,1994,gasoline,2.0,1850.0
16076,220000,2007,diesel,2.0,7250.0
16077,108000,2018,gasoline,1.4,18500.0
16078,444560,1988,gasoline,1.8,715.38
16079,265000,2000,diesel,1.9,3600.0
16081,331000,2007,diesel,1.9,7300.0
16085,320000,1998,gasoline,1.8,4150.0
16089,250000,2002,gasoline,1.6,4650.0
16094,380000,1995,gasoline,1.8,1800.0
16096,193000,2002,diesel,1.9,5150.0
16098,320000,1989,gasoline,1.6,1350.0
16100,241000,2011,gas,1.4,8500.0
16102,160000,2016,diesel,1.6,14700.0
16103,276500,2001,diesel,1.9,3700.0
16104,340000,1992,diesel,1.9,1050.0
16106,999999,1992,gasoline,1.8,1000.0
16120,345544,1995,gasoline,2.0,2700.0
16121,319500,2007,diesel,1.9,6200.0
16122,291000,2006,diesel,2.0,7000.0
16123,389000,2006,diesel,2.0,5300.0
16128,400000,2000,diesel,1.9,3300.0
16129,300000,2006,diesel,2.0,7300.0
16137,370000,1998,gasoline,1.6,3177.46
16139,350000,1990,gasoline,2.0,900.0
16141,314000,2009,gas,1.4,6908.38
16145,320000,2001,gasoline,2.0,4500.0
16148,382000,1988,gasoline,1.8,1000.0
16153,200200,2008,diesel,2.0,7999.0
16155,389000,1989,diesel,1.9,2800.0
16169,240000,1999,gasoline,1.8,2200.0
16170,182000,2016,diesel,2.0,17999.0
16171,277600,1994,diesel,1.9,3900.0
16179,290000,2000,gasoline,2.8,3500.0
16183,345000,1999,diesel,2.5,2400.0
16187,450000,1997,gasoline,1.6,2500.0
16193,142000,2008,diesel,1.9,8300.0
16195,165000,2016,diesel,1.6,16250.0
16196,290000,2001,gasoline,1.8,4850.0
16197,149000,2017,diesel,2.0,19900.0
16200,350000,1989,gasoline,1.8,1450.0
16201,350000,1989,gasoline,1.8,1400.0
16202,350000,1995,diesel,1.9,2418.67
16203,375000,2002,diesel,2.5,5499.0
16209,195000,2016,diesel,2.0,19300.0
16214,430000,1994,diesel,1.9,2980.0
16216,255090,1995,gasoline,2.0,1490.0
16218,300000,1991,gasoline,1.8,1541.31
16223,298000,2003,gasoline,1.8,5100.0
16224,250000,2007,diesel,2.0,5300.0
16228,191000,2015,diesel,1.6,14700.0
16230,500000,1991,gasoline,1.8,2500.0
16231,151000,2010,gasoline,1.4,7200.0
16233,250000,1992,gasoline,1.8,950.0
16234,285500,2006,diesel,2.0,6200.0
16240,240000,2011,diesel,1.6,9100.0
16244,300000,1994,gasoline,2.0,2000.0
16247,305000,1998,diesel,1.9,3300.0
16252,400000,1996,diesel,1.9,3700.0
16255,340000,1990,gasoline,1.8,1350.0
16256,400000,1991,gasoline,1.8,1300.0
16260,524744,1990,gasoline,1.8,2000.0
16261,134200,2006,gasoline,3.2,8500.0
16263,116000,2012,gasoline,1.8,11750.0
16264,245000,1984,gasoline,1.6,200.0
16270,380000,2005,diesel,2.0,5950.0
16271,450000,1987,diesel,1.6,300.0
16273,170000,2008,gasoline,1.8,7610.0
16275,440000,1989,gas,1.6,500.0
16285,300000,2007,gasoline,2.0,6000.0
16293,200000,1990,diesel,1.9,1200.0
16297,215000,2002,diesel,1.9,3800.0
16299,32000,2006,diesel,2.0,5850.0
16305,290000,1996,gasoline,1.8,2590.0
16312,232000,2013,gasoline,2.0,12450.0
16314,298000,2009,gasoline,1.4,6900.0
16315,368000,2002,diesel,1.9,4250.0
16319,246000,2001,gasoline,1.8,3750.0
16320,207000,2008,gasoline,2.0,5799.0
16321,250000,1994,gasoline,1.8,1850.0
16324,260000,2005,gasoline,2.0,5200.0
16327,400000,1994,gasoline,1.8,1400.0
16328,245000,2009,gasoline,1.6,6500.0
16336,245000,2009,gas,1.4,8100.0
16339,311000,1999,diesel,1.9,4600.0
16343,172000,2011,gasoline,1.8,10900.0
16345,206000,1998,gasoline,1.8,2490.0
16347,350000,1991,gasoline,2.0,2500.0
16355,280000,1998,gasoline,1.6,3850.0
16356,220000,2007,diesel,2.0,6990.0
16361,300000,1986,diesel,1.6,1900.0
16362,300000,1993,gasoline,1.8,1900.0
16364,240000,2011,gas,1.4,8536.46
16365,300000,1998,gasoline,1.8,3000.0
16370,204000,2009,gasoline,1.8,6300.0
16373,280000,1994,gasoline,1.8,2000.0
16376,336000,1998,gas,1.8,3300.0
16377,300001,1998,gasoline,1.8,4150.0
16381,214000,2001,diesel,1.9,6300.0
16382,348612,2007,diesel,2.0,5699.99
16383,355000,2010,diesel,2.0,9600.0
16385,1452,2001,gasoline,1.8,4000.0
16387,260000,2005,gasoline,2.8,5300.0
16388,375789,1999,diesel,1.9,4500.0
16390,500000,1997,diesel,1.9,2800.0
16393,348000,1993,diesel,1.9,1200.0
16402,300000,1998,gasoline,1.6,3100.0
16403,180000,2010,gas,1.4,8500.0
16404,350000,1990,diesel,1.9,2000.0
16410,258000,2004,gasoline,1.8,4550.0
16412,302000,2008,diesel,2.0,7300.0
16413,350000,1991,gasoline,1.8,1800.0
16417,555555,1988,diesel,1.6,829.93
16421,220000,2007,diesel,2.0,9500.0
16425,234000,2001,gasoline,2.0,4350.0
16432,300000,1991,gasoline,1.8,1000.0
16435,262000,2008,diesel,2.0,7950.0
16436,365000,2002,diesel,1.9,5100.0
16438,330000,1996,gasoline,1.6,2350.0
16439,400000,1991,gasoline,1.8,1579.25
16440,25,1990,gasoline,1.8,500.0
16449,350000,2001,gasoline,1.8,4150.0
16453,333333,1995,gasoline,1.8,2300.0
16456,166000,2008,diesel,1.9,8300.0
16457,123456,1994,gasoline,1.8,2000.0
16465,166000,2009,gasoline,1.8,6850.0
16470,305000,2002,gasoline,1.8,3950.0
16472,181000,2015,diesel,1.6,14650.0
16475,242000,2006,diesel,2.0,6390.0
16481,488000,1999,diesel,1.9,3600.0
16484,270000,2007,diesel,1.9,6850.0
16485,398000,2000,diesel,1.9,4700.0
16491,1000000,1988,diesel,1.6,850.0
16493,190000,2007,diesel,2.0,7500.0
16497,215000,2009,gasoline,1.4,6500.0
16498,239000,2004,gas,2.0,5500.0
16501,215000,1992,diesel,1.6,1300.0
16502,140000,2015,diesel,1.6,14490.0
16505,353000,2006,diesel,1.9,6850.0
16506,270000,1987,gasoline,1.6,700.0
16509,410000,1995,gasoline,1.8,1800.0
16510,187000,2015,diesel,1.6,14350.0
16518,150000,1993,gasoline,1.8,1250.0
16521,300000,1989,gasoline,1.8,1000.0
16527,290000,1997,gasoline,1.6,3100.0
16528,320000,1991,gas,1.8,1750.0
16529,423000,1989,gas,1.8,1400.0
16533,235000,2004,diesel,1.9,6399.0
16535,200001,1991,gasoline,1.8,1300.0
16538,354000,1996,gasoline,1.6,3500.0
16545,500000,2000,gasoline,2.8,3000.0
16547,400000,1991,diesel,1.9,1700.0
16548,197000,1997,gasoline,1.8,3700.0
16549,200000,1999,gasoline,2.8,2900.0
16550,198787,1989,gasoline,1.8,600.0
16552,480000,1997,diesel,1.9,3900.0
16557,296000,2008,diesel,2.0,7800.0
16561,325000,1992,gasoline,1.8,2050.0
16568,191200,2008,gasoline,1.4,6800.0
16569,22222,1992,gasoline,1.8,1500.0
16572,309000,2003,gasoline,2.8,5100.0
16573,159000,2012,gasoline,1.8,11850.0
16574,500000,1987,diesel,1.6,900.0
16578,278987,1995,gasoline,1.8,1249.0
16583,248000,1995,gasoline,1.8,1450.0
16584,241400,2003,gasoline,1.8,4650.0
16585,283000,2007,diesel,2.0,8500.0
16589,196000,2008,gasoline,1.8,7500.0
16597,257000,2008,hybrid-petrol,1.8,6700.0
16598,400000,1997,diesel,1.9,3200.0
16599,426000,2000,diesel,1.9,3800.0
16601,565000,1991,diesel,1.6,1470.0
16602,370000,2006,diesel,2.0,7600.0
16607,205000,2011,gasoline,2.5,7750.0
16608,228000,2010,gasoline,1.4,7200.0
16609,243000,1999,gasoline,1.8,3000.0
16610,398000,1997,gasoline,1.8,3499.0
16612,398000,1992,gasoline,1.8,750.0
16615,196000,2016,diesel,1.6,15399.0
16616,390000,1990,gasoline,1.8,1200.0
16618,350000,1997,gasoline,1.6,2900.0
16621,500000,1993,diesel,1.9,1350.0
16626,183000,2006,diesel,1.9,7000.0
16627,278500,2006,diesel,2.0,7200.0
16629,200000,2011,gasoline,1.4,8999.0
16631,370000,1996,gasoline,1.8,2850.0
16632,300000,1991,gasoline,1.8,1300.0
16635,343160,2002,diesel,1.9,5500.0
16637,374000,1999,diesel,1.9,4250.0
16639,163500,2015,diesel,1.6,14499.0
16651,445712,1998,diesel,1.9,3800.0
16652,278000,2006,diesel,2.0,6900.0
16654,132373,2012,gasoline,1.8,11800.0
16655,162291,2013,gasoline,1.8,11999.0
16657,317436,2008,diesel,2.0,6600.0
16659,180000,2008,gasoline,1.4,6999.0
16660,329379,2000,gasoline,1.8,4500.0
16661,201500,2008,gasoline,1.8,7700.0
16662,300000,2001,diesel,1.9,6000.0
16664,105000,2017,gasoline,1.4,16000.0
16667,556556,1988,gasoline,1.6,1050.0
16668,100,1994,gasoline,1.8,1700.0
16669,100000,1993,gasoline,1.8,1500.0
16672,304041,2010,gas,1.4,8200.0
16674,310000,1997,diesel,1.9,4100.0
16675,138000,2015,gasoline,1.4,14499.0
16677,555555,1991,diesel,1.9,1300.0
16678,337500,1992,gasoline,2.0,1600.0
16679,300000,1993,gasoline,2.0,1400.0
16682,335000,2002,diesel,1.9,5600.0
16685,313000,1988,gasoline,1.8,1250.0
16686,261239,2001,diesel,1.9,4097.51
16688,345000,1986,gasoline,1.8,450.0
16690,383000,2000,diesel,2.5,4300.0
16692,304000,2006,gasoline,2.0,6150.0
16695,446600,1995,diesel,1.9,2700.0
16710,333333,1992,diesel,1.6,1800.0
16711,300000,2007,diesel,2.0,7000.0
16721,65000,2013,gasoline,1.8,13600.0
16725,380000,1997,gas,1.6,1990.0
16727,324000,2008,gasoline,2.0,6600.0
16728,129000,2012,gasoline,1.8,11850.0
16729,341000,2001,gasoline,1.8,3550.0
16746,200000,1990,gasoline,1.8,1400.0
16747,384000,1995,gasoline,1.8,1500.0
16749,392000,2006,gasoline,2.0,5000.0
16752,244000,1988,gasoline,1.8,1200.0
16756,109000,2010,gasoline,1.8,11000.0
16759,350000,1997,diesel,1.9,3500.0
16760,350000,1996,diesel,1.9,3999.0
16763,230000,2007,gasoline,2.0,6200.0
16764,308660,1988,gasoline,1.8,1000.0
16766,170000,2013,gasoline,1.8,12500.0
16767,178000,2010,gasoline,1.4,7900.0
16769,420000,1991,gasoline,1.8,1100.0
16771,333333,2004,diesel,2.5,5000.0
16773,220000,2006,gasoline,2.0,6700.0
16774,430000,1998,diesel,1.9,4000.0
16776,330000,1997,gas,1.6,2300.0
16777,290000,1989,gasoline,1.6,1000.0
16778,300000,1989,gasoline,1.8,1399.0
16782,276878,1995,gasoline,1.8,1600.0
16785,350000,1996,gasoline,1.8,1800.0
16792,198009,2006,diesel,2.0,5350.0
16796,285000,2007,diesel,2.0,7000.0
16801,360000,2002,diesel,1.9,4200.0
16802,160000,1986,gasoline,1.6,850.0
16805,450000,1993,gasoline,1.8,1000.0
16807,450000,2000,diesel,1.9,3950.0
16810,490000,1989,gasoline,1.8,1900.0
16811,166000,2015,diesel,2.0,18300.0
16812,250000,1994,diesel,1.9,2400.0
16819,280000,2001,gasoline,1.8,4600.0
16820,330000,1994,gasoline,2.0,1750.0
16824,300000,1989,gasoline,2.0,1000.0
16831,305000,2001,gasoline,2.0,2700.0
16832,309000,1991,gasoline,2.0,2323.82
16835,380000,1996,gasoline,1.6,4300.0
16837,300000,1993,gasoline,1.8,800.0
16839,311000,2007,gasoline,1.8,8100.0
16840,295000,1997,diesel,1.9,4900.0
16844,398789,1992,diesel,1.9,1900.0
16846,102000,2012,gasoline,1.8,11499.0
16847,255000,1992,gasoline,1.8,1750.0
16848,255000,1992,gasoline,1.8,1750.0
16849,258000,1992,gasoline,1.8,1500.0
16851,966666,1988,diesel,1.6,500.0
16852,585000,1996,gas,2.0,2300.0
16853,250000,1991,gasoline,1.8,1250.0
16854,278400,2011,diesel,2.0,11899.0
16855,386236,1992,diesel,1.9,1900.0
16856,140000,2011,gasoline,1.4,17000.0
16860,240000,1993,gasoline,1.8,1114.48
16861,400000,1990,gasoline,1.8,1500.0
16863,302000,1996,gasoline,1.6,3082.61
16866,247000,2007,diesel,1.9,7150.0
16867,183000,2015,diesel,1.6,13800.0
16869,222222,1989,gasoline,1.8,750.0
16871,356520,1999,diesel,2.5,3650.0
16873,356248,1990,gas,1.8,730.0
16874,330000,1997,gasoline,1.6,3750.0
16875,340000,1990,gasoline,1.8,1650.0
16877,398000,1995,gasoline,1.6,2450.0
16878,323852,2010,diesel,1.6,9000.0
16879,360000,1989,gasoline,1.8,1600.0
16880,368000,2007,diesel,2.0,7400.0
16883,250000,1995,gas,1.8,2400.0
16884,270000,2007,diesel,1.9,8700.0
16887,307000,2002,gasoline,1.8,5000.0
16888,295000,2006,diesel,1.9,6900.0
16889,163000,2015,diesel,1.6,14490.0
16893,195000,2015,diesel,2.0,13950.0
16894,170000,2008,gasoline,1.6,6200.0
16896,196000,2008,gasoline,1.8,7445.7
16899,270000,1999,gasoline,1.8,4000.0
16902,300000,1990,gasoline,1.8,2200.0
16903,340000,1994,gasoline,1.8,2300.0
16904,438700,2002,diesel,1.9,3700.0
16905,180000,2010,gasoline,1.4,9500.0
16908,350000,2003,diesel,1.9,5300.0
16911,33328,1988,gasoline,1.6,1200.0
16914,160000,2009,gasoline,1.4,7500.0
16915,305000,2001,diesel,1.9,4500.0
16923,182000,2011,diesel,1.6,10200.0
16928,380000,1990,gasoline,1.8,1000.0
16933,350000,1994,gas,1.8,1500.0
16934,385745,2002,diesel,1.9,5700.0
16936,500000,1990,gasoline,1.6,1000.0
16937,435000,1999,diesel,1.9,4400.0
16939,348000,2006,diesel,2.0,6500.0
16940,360000,1989,gasoline,1.8,1600.0
16947,344800,2005,diesel,2.0,6100.0
16948,328000,2006,diesel,2.0,5500.0
16950,321300,2006,gasoline,2.0,6200.0
16951,215000,2010,diesel,1.6,11550.0
16953,168000,2016,diesel,1.6,14700.0
16954,380000,1998,diesel,1.9,3950.0
16958,280,1988,gasoline,1.8,500.0
16959,548456,1990,gas,1.8,1750.0
16964,300,1985,diesel,1.9,758.8
16965,500000,1997,diesel,1.9,3550.0
16966,241000,1999,gasoline,1.8,4200.0
16967,154000,2015,diesel,1.6,14200.0
16970,200000,1999,diesel,1.9,4300.0
16971,280000,1994,gasoline,1.8,2500.0
16979,182000,2009,gas,1.4,7750.0
16981,340000,2010,diesel,2.0,8400.0
16985,300000,1994,gasoline,2.0,3100.0
16986,327000,2007,diesel,1.9,7900.0
16989,380000,2005,diesel,2.0,5500.0
16996,260000,2007,diesel,2.0,7700.0
17000,312000,1997,gasoline,1.6,2400.0
17008,537400,1995,gasoline,1.8,1900.0
17015,123456,1992,gasoline,1.8,900.0
17017,319000,1998,gasoline,1.8,3800.0
17025,400000,1994,diesel,1.9,2400.0
17032,397000,1994,gasoline,2.0,2500.0
17035,200000,1991,gasoline,1.8,1300.0
17038,221000,2005,gasoline,1.6,6499.0
17042,455000,1998,gasoline,1.8,3500.0
17044,354000,1997,diesel,1.9,3100.0
17046,163900,2008,gasoline,1.8,7950.0
17047,374000,2006,diesel,2.0,6500.0
17048,122000,1996,gasoline,1.8,2100.0
17050,285000,2007,diesel,1.9,8000.0
17054,154200,2008,gasoline,2.0,7200.0
17056,420000,1998,diesel,1.9,4100.0
17060,210000,2006,gasoline,2.0,6400.0
17061,317041,2000,gasoline,1.8,3700.0
17062,386000,2002,diesel,1.9,6000.0
17063,100,1986,diesel,1.6,600.0
17064,199000,1988,gasoline,1.8,1350.0
17065,223000,2007,diesel,2.0,7800.0
17067,310000,1997,gasoline,1.6,3500.0
17068,302500,1996,gasoline,1.6,3082.61
17069,315000,2007,gasoline,2.0,6400.0
17074,260000,1999,diesel,2.5,3900.0
17076,430000,1999,gasoline,1.8,3150.0
17077,450450,1988,gasoline,1.6,900.0
17081,310000,2010,gas,1.4,8900.0
17085,500000,1999,diesel,1.9,3900.0
17087,166000,1988,gasoline,1.8,2500.0
17096,290000,1998,gasoline,2.8,1000.0
17100,226400,2011,gasoline,1.8,9500.0
17101,310000,2007,diesel,2.0,7800.0
17107,435903,2002,diesel,1.9,3820.07
17109,450460,1988,gasoline,1.6,1050.0
17110,474000,1996,diesel,1.9,2000.0
17114,320000,1998,gasoline,1.8,4200.0
17115,285000,2005,diesel,2.0,6500.0
17117,275000,2007,diesel,1.9,6500.0
17118,500000,1987,gasoline,1.6,500.0
17120,335000,2001,diesel,1.9,4800.0
17124,273400,1996,gasoline,1.6,3000.0
17130,199614,2004,gas,1.8,4700.0
17135,316000,1990,gasoline,2.0,1200.0
17137,370149,1999,gasoline,1.8,3900.0
17138,250000,1987,gasoline,1.8,1100.0
17139,248000,2011,diesel,1.6,11450.0
17141,420000,2006,diesel,2.0,5200.0
17142,400000,1990,diesel,1.9,1000.0
17144,300000,1993,gasoline,1.8,1600.0
17147,30000,1996,gasoline,2.0,2450.0
17150,285749,2008,diesel,2.0,8500.0
17151,373000,1996,diesel,1.9,3150.0
17153,318000,2008,diesel,1.9,7600.0
17155,184000,2007,diesel,2.0,5216.72
17157,400000,2003,diesel,2.5,5800.0
17160,264000,2006,gasoline,2.0,6100.0
17166,298000,2002,gasoline,1.8,4500.0
17170,450000,2004,diesel,2.0,5300.0
17173,254721,1994,diesel,1.9,1450.0
17177,415000,1999,diesel,2.5,3300.0
17180,294000,1993,gas,2.8,2845.49
17183,400000,1995,diesel,1.9,2950.0
17185,320000,2007,diesel,1.9,7800.0
17187,288000,2009,diesel,2.0,11990.0
17188,166000,2016,diesel,1.6,16900.0
17190,340000,1996,gasoline,2.0,3100.0
17193,260000,2005,gasoline,2.0,5500.0
17196,337000,2003,diesel,1.9,5300.0
17197,119000,2015,gasoline,1.4,14300.0
17199,222210,2001,gasoline,1.8,4000.0
17200,600000,1996,diesel,1.9,3600.0
17201,355000,2007,diesel,1.9,7200.0
17203,370000,2002,gasoline,1.8,4100.0
17204,345123,1991,gasoline,2.0,1000.0
17211,145000,2012,gasoline,1.8,11500.0
17215,228000,2009,gasoline,1.4,8600.0
17217,176000,2009,gasoline,1.8,8300.0
17220,285000,2003,diesel,1.9,5200.0
17223,195000,2010,diesel,2.0,10950.0
17224,344000,2006,diesel,2.0,6000.0
17227,356000,1998,gasoline,1.8,3650.0
17237,310000,2006,diesel,1.9,6500.0
17240,192000,2009,diesel,2.0,6500.0
17247,240000,2007,gasoline,2.0,6950.0
17250,245000,2008,diesel,2.0,8897.0
17251,145000,2011,gasoline,1.8,11350.0
17263,199000,2012,diesel,1.6,10800.0
17266,577000,1994,diesel,1.9,2450.0
17267,350000,2004,diesel,1.9,5650.0
17269,300000,1987,gasoline,1.6,1750.0
17270,330000,2003,gas,1.8,4299.0
17272,342000,2005,diesel,1.9,6000.0
17273,380,1996,gasoline,2.0,2000.0
17275,38000,2010,gas,1.4,9500.0
17280,280000,2005,diesel,1.9,5900.0
17283,252000,1992,gasoline,2.0,1999.0
17288,248000,2006,diesel,2.0,7700.0
17293,354600,1992,diesel,1.9,1200.0
17297,350000,1993,diesel,1.9,2200.0
17298,370000,2005,diesel,2.0,6990.0
17308,102000,2012,gasoline,1.4,8700.0
17318,160000,2011,gasoline,1.4,9450.0
17322,201000,2008,diesel,2.0,9050.0
17325,296000,2008,gasoline,1.8,7499.0
17330,333333,1989,gasoline,1.8,650.0
17332,500000,1991,diesel,1.9,1850.0
17333,251000,2007,diesel,2.0,7600.0
17334,555555,1991,diesel,1.9,2500.0
17341,460000,2001,diesel,1.9,4000.0
17344,290000,1988,gasoline,1.8,1500.0
17345,346582,1991,gasoline,1.8,1650.0
17349,300000,2006,diesel,1.9,7400.0
17350,192678,2011,diesel,2.0,9990.0
17354,180000,2008,gasoline,1.6,8399.0
17365,260300,2011,gasoline,1.8,10199.0
17367,305000,2008,diesel,1.9,6805.46
17369,354500,1989,gasoline,1.8,700.0
17372,350000,1991,diesel,1.6,2000.0
17373,67000,1987,gasoline,1.8,500.0
17374,10000,1994,gasoline,2.0,2500.0
17375,300000,2006,diesel,1.9,5000.0
17377,168658,2004,gasoline,1.6,5550.0
17382,195000,2015,diesel,1.6,14599.0
17384,320000,2006,diesel,2.0,6700.0
17386,250000,1997,diesel,1.9,3600.0
17387,444444,1989,gasoline,1.8,1000.0
17389,500000,1991,gasoline,1.8,900.0
17390,350000,2001,diesel,1.9,5400.0
17392,148000,2010,gasoline,1.8,7999.0
17394,61155,2014,gasoline,1.8,13000.0
17395,400000,1995,gas,1.8,1700.0
17400,246100,2003,gasoline,2.8,3399.0
17402,288700,1993,gasoline,1.8,2999.0
17404,271000,2003,diesel,1.9,4499.0
17405,190019,2016,diesel,1.6,15650.0
17412,288,1997,gasoline,1.6,3600.0
17414,495000,1996,diesel,1.9,3000.0
17415,500000,1993,diesel,1.9,1000.0
17416,410000,1994,diesel,1.9,1900.0
17419,320000,2008,diesel,2.0,7500.0
17420,288950,1990,diesel,1.6,1400.0
17422,160000,2002,gasoline,1.8,5000.0
17426,459000,1990,gasoline,1.8,1550.0
17428,299907,2002,diesel,1.9,6000.0
17430,182000,2015,diesel,1.6,15900.0
17431,220000,2008,diesel,2.0,9700.0
17432,470457,1992,gasoline,1.8,850.0
17439,350456,1989,gasoline,1.8,950.0
17444,261000,2006,diesel,2.0,6200.0
17445,440000,1988,diesel,1.9,1350.0
17446,215000,2010,diesel,2.0,8950.0
17447,500000,2006,gasoline,3.2,4150.0
17457,245000,1994,gasoline,2.0,2600.0
17459,200000,1988,gasoline,1.6,1000.0
17463,143225,2016,diesel,1.6,13900.0
17464,350000,1997,gasoline,1.6,3319.74
17473,650000,1991,diesel,1.9,1250.0
17474,348000,2006,diesel,2.0,6400.0
17479,330000,2006,diesel,2.0,7000.0
17483,250000,1991,gasoline,2.0,1000.0
17484,350000,1989,gasoline,1.8,900.0
17485,463437,1994,gasoline,1.8,2500.0
17486,274681,2001,diesel,1.9,4500.0
17490,177000,2011,gasoline,1.8,10300.0
17495,10,1992,gasoline,1.8,1200.0
17498,40000,1990,gasoline,1.8,1111.0
17500,370000,2001,diesel,1.9,5400.0
17509,52000,2015,gasoline,1.8,14200.0
17513,45000,1986,gasoline,1.6,400.0
17514,425432,1997,diesel,1.9,3300.0
17515,160000,2009,gasoline,1.4,7500.0
17521,304000,2006,diesel,1.9,6300.0
17525,475000,1993,diesel,1.9,1659.87
17528,150000,2014,diesel,2.0,15900.0
17529,252350,2006,gasoline,2.0,6500.0
17530,360000,1999,diesel,1.9,3999.0
17533,199000,1998,gasoline,1.8,3500.0
17534,358078,1994,diesel,1.9,1500.0
17536,390000,1993,gasoline,1.8,1150.0
17537,220000,2011,diesel,2.0,12500.0
17540,111111,2001,gasoline,1.8,4800.0
17541,199900,2016,diesel,2.0,16000.0
17544,123456,1997,gasoline,1.8,3333.0
17545,325000,2005,diesel,2.0,5900.0
17550,613745,1991,diesel,1.9,1422.74
17551,500000,1996,diesel,1.9,2999.0
17557,202000,2005,diesel,1.9,6100.0
17559,386000,1998,diesel,1.9,3800.0
17562,178000,2010,diesel,2.0,9790.0
17563,289324,2008,diesel,2.0,7200.0
17568,261000,2009,gas,1.4,7950.0
17569,312000,1997,gasoline,1.8,2200.0
17571,11,1996,diesel,1.9,1843.88
17574,466666,1988,gasoline,1.8,900.0
17580,333000,1986,gasoline,1.8,700.0
17587,250000,2003,gasoline,1.8,4100.0
17589,501000,1995,diesel,1.9,3500.0
17590,390000,2008,diesel,2.0,6599.0
17591,220000,2005,diesel,2.0,5850.0
17592,160000,2010,diesel,2.0,7700.0
17593,219000,2009,gasoline,1.4,6450.0
17594,300000,2000,gasoline,1.8,2500.0
17596,65000,2015,gasoline,1.8,12900.0
17597,290000,2001,gasoline,2.0,2000.0
17598,320000,1996,gas,2.0,2200.0
17600,280000,2005,diesel,2.0,7500.0
17602,390000,1991,gasoline,1.8,1000.0
17606,422000,1995,gasoline,2.0,2000.0
17607,200000,1988,gasoline,1.8,1300.0
17616,207000,2015,diesel,2.0,19950.0
17620,250000,1997,gasoline,1.6,3500.0
17637,310000,2000,gasoline,1.6,2700.0
17638,371387,1992,gasoline,1.8,968.89
17639,260000,2007,gasoline,2.0,5500.0
17642,312000,2005,diesel,2.0,6400.0
17643,350000,1986,diesel,1.6,450.0
17647,240000,1996,gas,2.0,3000.0
17650,168000,2011,gasoline,1.8,10200.0
17653,162000,2015,diesel,1.6,15950.0
17656,200000,1989,gasoline,1.8,1250.0
17659,300000,2002,gasoline,1.8,3500.0
17660,50000,1988,gasoline,1.8,550.0
17662,358000,1988,gas,1.6,850.0
17665,185200,2010,diesel,2.0,9250.0
17668,286000,2008,diesel,2.0,8300.0
17671,319000,1992,gasoline,2.0,1700.0
17673,330000,1988,gasoline,1.6,650.0
17675,256675,1980,gasoline,1.8,1000.0
17677,300000,1996,diesel,1.9,3100.0
17683,305000,1989,gasoline,1.8,1350.0
17688,317000,2007,diesel,2.0,7100.0
17689,430000,1989,gasoline,1.8,1500.0
17690,165000,2011,gasoline,1.4,9350.0
17691,325000,2001,diesel,2.5,5000.0
17692,430000,1988,gasoline,1.8,1450.0
17693,1000000,1995,diesel,1.9,2000.0
17708,312000,1997,gasoline,1.6,3300.0
17710,300000,1992,gasoline,1.8,1150.0
17711,170000,2012,gasoline,1.8,10900.0
17713,111111,1993,diesel,1.6,1300.0
17714,400000,1992,gasoline,1.8,1000.0
17717,400000,1986,diesel,1.6,585.22
17718,507000,1991,gasoline,1.8,1500.0
17719,220000,2008,gasoline,1.8,6500.0
17727,350000,1998,diesel,1.9,3499.0
17733,286000,2008,diesel,2.0,9300.0
17737,93000,2011,gasoline,1.4,9500.0
17741,400000,1998,gasoline,1.6,3500.0
17746,160000,2007,gasoline,2.0,7800.0
17747,266000,2005,diesel,1.9,7300.0
17748,200000,1994,diesel,1.9,2700.0
17753,306000,1989,gas,1.8,1200.0
17760,310000,1993,gasoline,1.8,1800.0
17763,300000,2006,diesel,2.0,7300.0
17766,270000,1989,gas,1.8,1350.0
17768,130000,1994,diesel,1.9,2700.0
17769,360000,2006,diesel,1.9,7300.0
17772,260000,1988,gasoline,1.6,1650.0
17774,253000,1995,gasoline,1.8,2650.0
17776,345000,1993,diesel,1.9,1500.0
17777,345000,2005,diesel,1.9,6000.0
17780,300000,1993,gasoline,1.8,1200.0
17781,350000,1994,diesel,1.9,1450.0
17782,358760,1996,diesel,1.9,3600.0
17783,395000,1991,gasoline,2.0,700.0
17784,75000,2010,gasoline,1.4,10500.0
17787,245000,2011,diesel,1.6,10500.0
17788,308000,2002,diesel,1.9,4680.0
17794,322000,2006,gasoline,2.0,5350.0
17797,500000,1992,gasoline,2.0,1000.0
17800,190000,2001,gasoline,1.6,4600.0
17801,209000,2002,diesel,1.9,5300.0
17813,182000,2006,diesel,2.0,6000.0
17816,322000,1994,gasoline,1.8,2200.0
17818,108000,2014,gasoline,1.8,13200.0
17823,300000,1986,gasoline,1.3,700.0
17824,300000,1998,gas,1.8,3600.0
17826,100000,1989,gasoline,1.8,1000.0
17838,420000,1990,diesel,1.6,2000.0
17839,342000,2008,diesel,1.9,5420.0
17841,270000,1990,diesel,1.9,1600.0
17847,195000,2016,diesel,2.0,16500.0
17848,315000,2000,gasoline,1.6,3600.0
17849,198000,2015,diesel,1.6,13950.0
17852,499000,1991,gasoline,1.8,850.0
17853,350000,1993,diesel,1.9,700.0
17854,245000,1997,gasoline,1.8,3300.0
17861,252000,2007,diesel,1.9,7200.0
17862,300000,1999,gasoline,1.8,3300.0
17869,300000,1982,gasoline,1.6,500.0
17871,185000,2005,gasoline,2.0,5000.0
17873,350000,1993,gasoline,1.8,2300.0
17874,265000,2007,diesel,2.0,6450.0
17879,450000,2004,diesel,2.0,5500.0
17880,313000,1992,diesel,1.9,2000.0
17881,210000,2010,diesel,1.6,10500.0
17882,300000,1996,gasoline,1.8,1900.0
17883,231000,2008,diesel,2.5,7900.0
17886,286000,1999,gasoline,1.6,2950.0
17888,160000,2015,diesel,1.6,15000.0
17889,190000,2006,diesel,2.0,6900.0
17894,120000,2012,gasoline,1.8,10700.0
17895,270000,2003,diesel,1.9,6000.0
17896,235000,2011,gasoline,1.4,10800.0
17897,350000,2007,diesel,2.0,6999.0
17899,300000,1987,gasoline,1.8,800.0
17901,62000,2016,gasoline,1.4,18200.0
17903,350000,1993,gasoline,1.8,850.0
17916,261000,2003,gasoline,1.8,3200.0
17919,130000,2013,gasoline,1.8,12400.0
17921,300000,1993,diesel,1.9,2200.0
17922,335000,2004,diesel,1.9,5500.0
17924,372000,2007,diesel,2.0,8000.0
17928,450000,1997,diesel,1.9,4450.0
17932,300000,1997,gasoline,1.8,3200.0
17934,295000,1999,gasoline,1.8,4500.0
17937,220000,2010,gasoline,1.8,7950.0
17939,100000,1996,gasoline,1.6,2200.0
17945,400000,1989,gasoline,1.6,950.0
17946,396428,1999,diesel,1.9,4900.0
17951,215000,2006,gasoline,2.0,6100.0
17957,233000,2005,gasoline,2.0,5390.0
17964,347909,1993,gasoline,2.8,1245.68
17965,331647,1988,gasoline,2.0,627.42
17966,11,2003,gasoline,1.8,3637.18
17968,85889,1985,diesel,1.6,386.19
17969,452871,2008,gasoline,1.8,5134.68
17971,300299,1992,diesel,1.9,1323.15
17972,407036,1992,diesel,1.9,991.51
17974,211001,1998,gasoline,2.0,2228.02
17979,247584,2008,diesel,2.0,5830.41
17980,548861,1996,diesel,1.9,1229.25
17981,486100,1982,diesel,1.6,302.19
17982,314051,1985,gasoline,1.6,438.99
17990,343419,1991,diesel,1.6,691.45
17991,401882,1993,gasoline,2.0,921.94
17992,314491,1988,gasoline,1.8,499.38
17994,302589,2000,diesel,1.9,3329.22
17995,379922,1988,gasoline,1.8,304.75
17997,274999,1992,gasoline,1.8,691.45
18001,441098,1985,gasoline,1.8,391.82
18002,421164,1992,gasoline,1.8,1060.23
18003,332395,1992,gasoline,1.8,806.7
18007,370000,2001,gasoline,1.8,5000.0
18008,204000,2006,gasoline,2.0,6850.0
18011,300000,1991,gasoline,2.0,750.0
18012,280000,2006,gasoline,2.0,5000.0
18013,287000,2011,diesel,2.0,11900.0
18014,400000,1992,diesel,1.9,1600.0
18017,450000,1998,gasoline,1.6,4200.0
18019,201600,1997,gasoline,1.8,3500.0
18021,206000,1998,gasoline,1.6,3556.86
18027,305300,1994,diesel,1.9,1100.0
18028,254000,2007,diesel,2.0,6700.0
18039,370000,1991,diesel,1.6,1250.0
18040,450000,1993,gasoline,1.8,1100.0
18045,282000,2008,diesel,1.9,6800.0
18047,168000,2011,gasoline,1.8,9722.09
18050,150000,1988,gasoline,1.6,250.0
18056,416000,1997,gasoline,1.8,3800.0
18058,330000,1991,gasoline,1.8,1200.0
18060,245130,2000,gasoline,1.8,3500.0
18061,230000,2005,gasoline,2.0,5200.0
18067,194000,2008,gasoline,2.0,6700.0
18068,300305,1994,diesel,1.9,1500.0
18070,219000,2007,diesel,1.9,7800.0
18074,262300,1991,gasoline,1.8,1200.0
18075,249000,2000,diesel,1.9,4500.0
18078,118000,2011,gasoline,1.8,10500.0
18081,104000,2011,gasoline,1.8,11800.0
18082,210000,2008,gasoline,2.0,5800.0
18086,238000,2006,diesel,2.0,7800.0
18088,300305,1994,diesel,1.9,1500.0
18094,247000,1993,gasoline,2.0,1400.0
18098,159000,2015,diesel,2.0,16350.0
18106,348000,1993,diesel,1.9,1200.0
18109,350000,2001,gasoline,1.8,5000.0
18112,203000,2011,diesel,2.0,13500.0
18113,313000,2005,diesel,2.0,5950.0
18119,450000,1993,diesel,1.9,2300.0
18127,350000,1995,gasoline,1.8,2700.0
18128,162000,2010,gasoline,1.8,8500.0
18133,300000,1988,gasoline,1.8,1750.0
18139,352000,1992,diesel,1.9,1800.0
18140,450000,1997,gasoline,1.8,3150.0
18143,560000,1991,gasoline,2.0,1000.0
18146,400000,1993,diesel,1.9,1999.0
18150,130000,2010,gas,1.4,7900.0
18151,218000,2011,diesel,2.0,12400.0
18152,181500,2015,diesel,1.6,14900.0
18153,512000,1998,gasoline,1.6,3000.0
18154,290000,2007,diesel,2.0,6876.6
18155,236886,1999,gasoline,2.3,4300.0
18158,354000,1996,gasoline,1.6,4500.0
18160,173000,2016,diesel,1.6,14000.0
18162,380000,1990,diesel,1.6,2200.0
18164,170000,2012,diesel,1.6,11300.0
18166,300000,1998,gasoline,1.8,3000.0
18167,224577,1991,gasoline,2.0,1500.0
18172,400000,1996,diesel,1.9,2200.0
18174,411000,2003,diesel,1.9,5500.0
18178,291700,1994,gasoline,1.8,2300.0
18179,390000,2002,diesel,1.9,6400.0
18180,242000,1998,gasoline,1.6,3500.0
18183,157000,2008,gasoline,1.8,7300.0
18184,157000,2008,gasoline,1.8,7300.0
18192,290000,2001,gasoline,1.8,3950.0
18193,300000,1983,gasoline,1.6,700.0
18194,320000,1997,gasoline,1.6,3500.0
18198,450000,1997,gasoline,1.6,3000.0
18204,190000,2012,gasoline,1.4,8600.0
18210,364000,2002,diesel,1.9,5700.0
18213,280000,2004,diesel,1.9,4600.21
18215,999999,1989,gasoline,1.8,700.0
18220,289000,1991,gasoline,2.0,700.0
18222,289000,2009,diesel,2.0,8100.0
18225,229000,2007,gasoline,2.0,7400.0
18228,237000,2008,diesel,2.0,7800.0
18230,385000,2007,diesel,2.0,7100.0
18231,460000,1994,gasoline,1.8,2500.0
18237,380000,2005,diesel,2.0,5400.0
18239,350000,1991,gasoline,1.8,1550.0
18246,280000,1992,gasoline,2.0,1400.0
18248,280000,1997,gasoline,1.8,3600.0
18250,270000,1998,diesel,1.9,5200.0
18251,115000,2014,gasoline,1.8,13300.0
18254,177777,2015,diesel,1.6,18500.0
18259,1000000,1991,gasoline,2.0,1200.0
18260,610000,1993,diesel,1.9,2200.0
18261,240000,2006,diesel,2.0,6850.0
18262,414000,1993,diesel,1.9,1300.0
18270,248000,2010,gasoline,2.0,7200.0
18272,353000,1994,gasoline,2.0,2100.0
18273,250000,2003,diesel,1.9,5500.0
18280,237000,2009,diesel,2.0,7300.0
18285,454690,1990,gasoline,1.8,1000.0
18290,260000,2007,diesel,2.0,7000.0
18292,208000,2015,diesel,1.6,15700.0
18294,486000,1991,diesel,1.6,1200.0
18297,386000,2001,gasoline,1.8,3890.0
18308,250000,1995,gasoline,2.0,2200.0
18313,297000,1997,gasoline,1.6,3462.01
18314,370000,1997,gasoline,1.6,3100.0
18315,360000,1997,gasoline,1.8,2750.0
18317,550000,1993,gasoline,2.0,1700.0
18320,225500,2001,diesel,1.9,4555.0
18321,309000,2007,diesel,2.0,7018.88
18322,528000,1993,diesel,1.9,3700.0
18323,600000,1988,gas,1.6,2500.0
18324,420000,2000,diesel,1.9,4650.0
18325,216000,2008,diesel,1.9,7800.0
18329,151000,2011,gasoline,1.8,10500.0
18331,356598,1991,gasoline,1.8,2000.0
18333,230000,2008,diesel,1.9,7900.0
18335,238000,2005,gasoline,2.0,5600.0
18338,370000,1997,gasoline,1.8,2300.0
18339,215000,2006,gasoline,2.0,6700.0
18340,200000,2001,diesel,1.9,4000.0
18346,99999,1989,diesel,1.9,1700.0
18351,180000,2007,gasoline,2.0,7000.0
18356,270000,1986,gasoline,1.6,600.0
18360,332000,2008,diesel,2.0,9000.0
18363,315000,1989,gasoline,1.8,2500.0
18374,221000,2010,gasoline,1.4,8500.0
18376,320000,2009,diesel,2.0,7950.0
18380,380000,1989,gasoline,2.0,1550.0
18381,95400,1987,gasoline,1.6,550.0
18382,355000,1989,gasoline,1.8,1800.0
18385,285000,1999,gasoline,1.8,3700.0
18389,234555,2002,gasoline,1.8,3800.0
18397,144000,2013,diesel,2.0,11900.0
18400,200000,1986,diesel,1.6,950.0
18401,333000,2004,gasoline,1.8,4500.0
18402,340000,2005,gasoline,2.0,5200.0
18409,215000,2010,diesel,1.6,8950.0
18415,303000,2006,diesel,2.0,6000.0
18416,203000,2014,diesel,1.6,14900.0
18421,400000,1991,diesel,1.6,900.0
18422,1000000,1987,diesel,1.6,600.0
18424,320000,2009,diesel,2.0,7950.0
18425,185000,2008,gasoline,1.8,7500.0
18432,342000,2006,diesel,2.0,6450.0
18433,302000,2006,diesel,2.0,6800.0
18434,221000,2004,diesel,2.5,5150.0
18441,300000,1988,gasoline,1.8,700.0
18443,500000,1994,gasoline,1.8,1800.0
18450,300000,2008,diesel,1.9,7300.0
18465,320000,2006,diesel,1.9,7000.0
18466,370000,2005,diesel,1.9,5500.0
18468,350000,1989,gasoline,1.8,1100.0
18470,390000,2000,diesel,1.9,4400.0
18471,380000,2000,gasoline,1.8,3699.14
18474,295000,2002,gasoline,1.8,4500.0
18475,411000,1993,gasoline,1.8,1960.0
18480,314000,2006,diesel,2.0,5800.0
18481,155000,2012,gasoline,1.8,10200.0
18489,198000,1986,gasoline,1.8,687.66
18490,431000,1997,gasoline,1.6,3800.0
18493,210000,2010,diesel,1.6,8499.0
18502,237000,2007,diesel,2.0,8370.0
18504,600000,1987,diesel,1.6,1000.0
18505,499000,1992,gas,1.8,1300.0
18506,311999,1989,diesel,1.9,1650.0
18511,270000,2006,diesel,1.9,6999.0
18522,40800,2014,gasoline,1.8,15850.0
18523,153000,2012,gasoline,1.8,10800.0
18525,54247,2016,gasoline,1.8,15300.0
18526,160000,2011,diesel,1.6,10800.0
18532,365000,1993,gasoline,2.0,2900.0
18533,365000,2007,diesel,1.9,7500.0
18536,400000,2001,diesel,1.9,4200.0
18539,300000,1987,gasoline,1.8,850.0
18546,215000,2011,diesel,2.0,13200.0
18549,197000,2011,gasoline,1.4,8000.0
18550,260000,2004,gasoline,1.8,4979.6
18555,356785,1989,gasoline,1.8,1300.0
18556,307000,2001,diesel,1.9,4900.0
18557,240000,2009,gasoline,1.4,7200.0
18558,345667,1992,gas,1.8,1010.0
18561,135200,2011,gasoline,1.8,10300.0
18566,500000,1996,gasoline,1.8,2850.0
18568,340000,1998,diesel,1.9,4499.0
18569,408000,1989,diesel,1.9,2200.0
18573,400000,1999,diesel,1.9,4900.0
18575,480000,2000,diesel,1.9,5900.0
18576,450000,1993,gasoline,1.8,1000.0
18579,280110,1987,gasoline,1.8,284.55
18581,400000,1989,gasoline,1.8,1780.0
18587,367000,2006,diesel,1.9,7100.0
18589,345000,2001,diesel,1.9,4850.0
18594,350000,1999,diesel,1.9,4000.0
18604,290000,1993,gasoline,2.0,1500.0
18610,297000,2005,diesel,1.9,6000.0
18618,454350,1991,gasoline,1.8,1150.0
18620,130000,2013,gasoline,1.4,12000.0
18621,300000,2005,diesel,1.9,6000.0
18623,270000,2000,gasoline,1.8,3300.0
18630,270000,2001,diesel,1.9,5750.0
18635,330000,2007,diesel,2.0,6900.0
18636,250000,1992,gasoline,1.8,1950.0
18643,254380,2004,diesel,1.9,5900.0
18645,256000,1992,diesel,1.9,2110.41
18650,278000,1986,gasoline,1.8,284.55
18655,490000,1989,gasoline,1.8,1000.0
18658,257000,2006,diesel,2.0,6200.0
18660,235000,1999,gasoline,1.8,3650.0
18667,313000,2008,diesel,2.0,8250.0
18673,460000,2000,diesel,1.9,4100.0
18675,421000,1996,diesel,1.9,2400.0
18677,244000,2010,diesel,2.0,8800.0
18678,430000,1989,gasoline,1.8,950.0
18683,270000,2000,gas,1.8,3200.0
18684,319694,1992,diesel,1.9,2400.0
18691,186000,2013,diesel,1.6,13000.0
18693,234000,2007,diesel,2.0,7850.0
18694,320000,1991,gasoline,1.8,1600.0
18695,310000,2007,gasoline,3.2,8000.0
18698,342000,2002,diesel,2.5,4200.0
18700,345000,2002,diesel,1.9,5700.0
18703,175000,2008,gasoline,1.8,6800.0
18705,350000,2000,gasoline,1.8,3100.0
18707,280000,2002,diesel,1.9,6500.0
18709,380000,1987,gasoline,1.8,1100.0
18710,440000,1991,diesel,1.9,2200.0
18711,204000,2010,gasoline,1.4,8500.0
18713,350000,2008,diesel,2.0,7500.0
18723,230000,2010,diesel,1.6,9800.0
18725,279865,2006,diesel,2.0,8000.0
18728,382657,1999,gasoline,1.8,5100.0
18731,302000,2010,diesel,2.0,9484.49
18733,450000,1993,gasoline,1.8,1800.0
18739,150000,2010,gas,1.4,8100.0
18742,186000,2002,gasoline,2.0,4750.0
18743,184000,2010,gasoline,1.4,7000.0
18745,400000,1994,gasoline,1.8,1999.0
18746,370000,1999,diesel,1.9,3600.0
18748,73000,2015,gasoline,1.8,13500.0
18749,254000,1998,gasoline,1.8,3350.0
18750,292000,1998,gasoline,1.8,2900.0
18757,265700,2011,gasoline,1.4,9000.0
18759,999999,1990,gasoline,1.6,600.0
18762,65000,2015,gasoline,1.8,14800.0
18764,315000,2006,diesel,2.0,5700.0
18767,244341,1992,gasoline,1.8,1000.0
18770,400000,2003,diesel,1.9,4500.0
18772,290000,2006,diesel,1.9,6700.0
18775,200000,2015,gasoline,2.0,16900.0
18776,220000,2010,diesel,2.0,8700.0
18779,242000,1997,gasoline,1.8,3500.0
18781,582635,1988,gasoline,1.8,1450.0
18782,200000,1990,gasoline,1.8,1300.0
18784,330000,1995,diesel,1.9,1998.0
18786,240000,2010,gasoline,1.4,8200.0
18787,243000,2008,diesel,1.9,8950.0
18788,369000,1988,gasoline,1.8,1500.0
18789,38000,2015,gasoline,1.8,15400.0
18792,262931,1992,gasoline,1.8,8000.0
18794,345000,1992,diesel,1.9,2200.0
18802,290000,2005,diesel,1.9,5900.0
18803,320000,1999,gasoline,1.8,3600.0
18806,999999,1989,gasoline,1.6,850.0
18811,430000,1995,diesel,1.9,2800.0
18813,430000,1990,gasoline,1.8,1327.9
18819,365000,2005,diesel,2.0,7300.0
18822,340000,2004,diesel,1.9,5099.0
18823,198000,2009,gasoline,1.8,9500.0
18825,300000,1994,gasoline,1.8,2250.0
18826,316000,2003,diesel,1.9,7600.0
18829,470000,1998,diesel,1.9,4695.06
18836,311000,1996,gasoline,1.8,3999.0
18842,197000,2006,gasoline,2.0,6300.0
18844,198000,2014,diesel,1.6,14500.0
18846,260000,2009,diesel,2.0,8600.0
18849,405000,1989,gasoline,1.6,1550.0
18851,270356,1988,gasoline,1.6,930.0
18854,310000,1991,gasoline,2.0,2002.0
18856,415000,2003,diesel,1.9,5500.0
18857,195000,2016,diesel,1.6,14700.0
18860,180000,2011,diesel,1.6,11200.0
18870,250000,1995,diesel,1.9,3200.0
18871,405000,1995,diesel,1.9,4100.0
18873,260000,2010,gas,1.4,9800.0
18877,580000,1994,diesel,1.9,2175.0
18879,298000,1990,gasoline,1.8,1000.0
18883,330000,1987,gasoline,1.6,400.0
18884,445000,1996,gas,2.0,2199.0
18886,252000,2001,gasoline,2.0,3999.0
18889,320000,1997,gasoline,1.8,2600.0
18892,327000,1992,gasoline,1.8,3550.0
18895,470000,1997,gasoline,1.8,4200.0
18896,246547,1995,gasoline,2.0,1600.0
18899,327000,2010,diesel,2.0,8600.0
18902,260000,2004,diesel,2.0,5250.0
18907,250000,2006,diesel,1.9,7800.0
18916,211750,2008,gasoline,1.8,7150.0
18918,400000,1994,gas,1.8,3100.0
18921,430000,2004,diesel,1.9,4837.33
18923,190000,2009,diesel,2.0,9000.0
18925,266000,2000,diesel,1.9,4400.0
18926,330000,1990,gasoline,1.6,1200.0
18930,450000,1999,diesel,1.9,3700.0
18932,303000,2003,diesel,1.9,5400.0
18936,290000,2006,diesel,1.9,6000.0
18941,260000,1999,gasoline,1.8,5500.0
18943,260000,2006,diesel,1.9,7000.0
18946,265000,2002,diesel,1.9,4300.0
18950,360000,2005,gasoline,2.0,6700.0
18952,260000,2000,diesel,1.9,4000.0
18953,300000,1997,gasoline,1.6,3500.0
18958,341000,2001,diesel,1.9,4100.0
18961,444444,1998,gasoline,1.8,3700.0
18963,293000,2002,diesel,1.9,4300.0
18964,275000,2008,gasoline,1.8,6700.0
18966,260000,2008,gasoline,1.8,6700.0
18970,326000,2007,diesel,2.0,6800.0
18971,90000,2011,gasoline,1.4,9350.0
18972,151000,2014,gasoline,1.4,11700.0
18978,234500,2008,diesel,2.0,7500.0
18980,225000,2007,diesel,1.9,7700.0
18982,326543,2005,diesel,1.9,6800.0
18987,353000,2001,gasoline,2.0,4500.0
18988,346000,2005,diesel,1.9,6900.0
18989,406000,1992,gasoline,1.8,900.0
18990,166000,2014,diesel,2.0,21000.0
18997,222000,2008,gasoline,2.0,7200.0
18998,267300,2003,diesel,1.9,5550.0
19006,200000,2001,gasoline,2.0,4200.0
19011,400000,1998,gasoline,1.8,2000.0
19014,298000,2009,diesel,2.0,7800.0
19015,198461,1997,gasoline,1.6,3100.0
19016,220000,2008,diesel,1.9,7000.0
19017,240000,1997,gasoline,1.6,4100.0
19021,324850,2001,diesel,1.9,4900.0
19023,220000,1999,gasoline,1.8,2987.76
19024,55555,1992,diesel,1.9,1700.0
19025,350000,2005,gasoline,2.0,5800.0
19026,115000,2011,diesel,2.0,14000.0
19027,370000,2008,diesel,1.9,7200.0
19028,280000,2005,gasoline,2.0,6100.0
19029,51499,2015,gasoline,1.8,12600.0
19030,240000,2007,diesel,2.0,7000.0
19031,350000,2004,diesel,1.9,4700.0
19032,450000,1993,gasoline,1.8,1500.0
19033,300000,1990,gasoline,1.8,950.0
19035,400000,1994,diesel,1.9,2821.78
19036,400000,1994,gasoline,1.8,2150.0
19038,369000,2002,diesel,1.9,5050.0
19042,322000,2001,gas,1.8,4300.0
19043,280000,1991,gasoline,1.8,1750.0
19046,204056,1993,diesel,1.9,1000.0
19047,280000,2007,gasoline,2.0,6600.0
19049,345200,1989,gasoline,1.8,1000.0
19054,450000,1988,gas,1.8,1100.0
19057,206000,2012,gasoline,1.8,9200.0
19062,235000,2000,diesel,1.9,4900.0
19064,350000,1998,diesel,1.9,4500.0
19067,425000,1989,gasoline,1.6,2500.0
19068,120000,2011,gasoline,1.8,9500.0
19069,360000,1998,diesel,2.5,3600.0
19083,205000,2012,gasoline,1.8,10900.0
19087,223000,2006,gasoline,2.0,5650.0
19090,263000,2001,diesel,1.9,4500.0
19093,233000,2006,diesel,2.0,7500.0
19107,420000,1988,gasoline,1.8,1600.0
19108,495000,1996,diesel,1.9,2600.0
19111,350000,2002,gasoline,1.8,4700.0
19112,380000,1991,gasoline,1.8,1400.0
19116,229700,2001,gasoline,2.0,5200.0
19119,170300,2015,diesel,1.6,16490.0
19120,226400,2011,diesel,1.6,11200.0
19121,215000,2007,diesel,2.0,8500.0
19127,280000,2007,diesel,2.0,7000.0
19128,380000,1997,gasoline,1.6,3000.0
19132,25000,1999,gasoline,2.8,2900.0
19134,400000,1994,gasoline,1.8,2550.0
19137,157000,2007,diesel,2.0,5900.0
19143,123000,2011,diesel,1.6,10500.0
19148,370000,1993,gasoline,1.8,2100.0
19150,270000,2000,gasoline,1.8,3900.0
19151,285000,2007,diesel,1.9,7500.0
19154,69000,2014,diesel,2.0,16500.0
19155,278000,2007,gasoline,1.8,5000.0
19156,400000,1998,gasoline,1.6,3789.24
19159,516000,1999,diesel,1.9,4200.0
19161,293000,2004,diesel,1.9,5100.0
19162,100000,2008,diesel,2.0,6750.0
19165,116500,2011,gasoline,1.8,10900.0
19168,239000,2009,diesel,2.0,10000.0
19170,300000,1998,gasoline,1.8,3100.0
19171,389550,1995,diesel,1.9,1900.0
19172,415000,1996,gasoline,1.6,2500.0
19178,360000,1996,gasoline,1.8,3650.0
19179,260000,2006,diesel,1.9,6650.0
19185,300000,1984,gasoline,1.8,680.0
19186,307000,2004,gasoline,2.0,4200.0
19194,340000,2001,gas,1.8,3600.0
19196,400100,2006,diesel,2.0,7000.0
19197,320000,2005,diesel,2.0,6000.0
19198,400000,1995,gasoline,2.0,1700.0
19200,30000,1996,gasoline,2.0,2300.0
19201,350000,1996,gasoline,1.6,1900.0
19204,260000,2005,gasoline,2.0,8200.0
19208,280000,2000,gasoline,1.8,3900.0
19211,193000,2014,gasoline,1.8,12500.0
19216,500000,1999,diesel,1.9,3800.0
19218,460000,2001,diesel,2.5,5000.0
19219,204000,2010,gasoline,1.4,7999.0
19220,300000,1997,gasoline,1.6,2000.0
19224,380000,1991,gasoline,1.8,2650.0
19228,400000,1994,gasoline,2.0,1700.0
19230,400000,1993,diesel,1.9,2700.0
19232,225000,2008,diesel,1.9,7500.0
19235,342500,2002,gasoline,1.8,4979.6
19238,347000,2002,gasoline,2.8,3900.0
19242,445000,1994,gas,2.0,1800.0
19244,298000,2008,diesel,2.0,7800.0
19247,180000,2006,gasoline,2.0,7200.0
19249,260000,2006,diesel,2.0,7000.0
19251,209000,2006,gasoline,2.0,5900.0
19253,185000,2010,diesel,2.0,8700.0
19254,270000,2007,diesel,2.0,8000.0
19256,325000,2004,diesel,1.9,5000.0
19264,217261,2012,gasoline,2.5,10050.0
19265,141000,2010,gasoline,1.8,11500.0
19271,379000,2005,diesel,2.0,6700.0
19273,232000,2006,diesel,2.0,7100.0
19277,230000,1997,gasoline,1.8,4200.0
19286,145000,2008,diesel,1.9,6650.0
19288,150000,2010,diesel,1.6,9700.0
19292,210000,2007,gasoline,2.0,8500.0
19295,333000,1996,gasoline,2.0,2777.0
19297,270000,2007,diesel,1.9,7500.0
19298,210000,2002,diesel,1.9,8400.0
19301,270000,1997,gasoline,1.8,2500.0
19303,1000000,1992,gasoline,1.8,900.0
19307,100000,1990,gasoline,1.8,950.0
